<?xml version="1.0" encoding="UTF-8" standalone="yes"?>
<addon id="script.module.addon.common" 
	     name="Common addon methods" 
	     version="2.0.0" 
	     provider-name="Eldorado (original: t0mm0)">
  <requires>
    <import addon="xbmc.python" version="2.1.0" />
  </requires>
  <extension point="xbmc.python.module" library="lib" />
  <extension point="xbmc.addon.metadata">
    <platform>all</platform>
    <summary lang="en">Collection of commonly used addon routines</summary>
    <description lang="en">Collection of commonly used addon routines to simplify addon development.</description>
    <disclaimer lang="en"></disclaimer>
    <language></language>
    <platform>all</platform>
    <license>GNU GENERAL PUBLIC LICENSE. Version 2, June 1991</license>
    <forum></forum>
    <website></website>
    <email></email>
    <source></source>  
  </extension>
  
  <extension point="xbmc.addon.repository" name="Mi repositorio">
        <info>https://raw.githubusercontent.com/microsystemlepe/msnet/master/Repositorio/addons.xml</info>
        <checksum>https://raw.githubusercontent.com/microsystemlepe/msnet/master/Repositorio/addons.xml.md5</checksum>
        <datadir zip="true">https://github.com/microsystemlepe/msnet/tree/master/Repositorio</datadir>
    </extension>
  
</addon>
