<?xml version="1.0" encoding="UTF-8"?>
<addon id="plugin.video.msnet"
version="2.3.1"
name="MicroSystem NETWORK"
provider-name="MicroSystem">
<requires>
  <import addon="xbmc.python" version="2.25.0"/>
</requires>
<extension point="xbmc.python.pluginsource" library="main.py">
  <provides>video</provides>
</extension>

<extension point="xbmc.addon.repository" name="Mi repositorio">
        <info>https://raw.githubusercontent.com/microsystemlepe/msnet/master/Repositorio/addons.xml</info>
        <checksum>https://raw.githubusercontent.com/microsystemlepe/msnet/master/Repositorio/addons.xml.md5</checksum>
        <datadir zip="true">https://github.com/microsystemlepe/msnet/tree/master/Repositorio</datadir>
    </extension>

<extension point="xbmc.addon.metadata">
  <summary lang="en">MicroSystem NETWORK</summary>
  <description lang="en_GB">Salta a la fama.</description>
  <assets>
    <icon>icon.png</icon>
    <fanart>fanart.jpg</fanart>   
  </assets>
</extension>
</addon>
