<?xml version="1.0" encoding="UTF-8" standalone="yes"?>
<addon id="repository.msnet" name="[COLOR lime]MicroSystem Repository[/COLOR] Repo" version="1.0.1" provider-name="MicroSystem">
    <extension point="xbmc.addon.repository" name="Mi repositorio">
        <info>https://raw.githubusercontent.com/microsystemlepe/msnet/master/Repositorio/addons.xml</info>
        <checksum>https://raw.githubusercontent.com/microsystemlepe/msnet/master/Repositorio/addons.xml.md5</checksum>
        <datadir zip="true">https://github.com/microsystemlepe/msnet/tree/master/Repositorio</datadir>
    </extension>
    <extension point="xbmc.addon.metadata">
        <summary>MicroSystem Repository</summary>
        <description></description>
        <disclaimer></disclaimer>
        <platform>all</platform>
    </extension>
</addon>
