<?xml version="1.0" encoding="UTF-8" standalone="yes"?>
<addon id="script.module.urlresolver" 
     name="URLResolver" 
     version="2.10.0" 
     provider-name="Eldorado">
  <requires>
    <import addon="xbmc.python" version="2.1.0" />
    <import addon="script.module.t0mm0.common" version="2.0.0"/>
    <import addon="script.module.simplejson" version="3.3.0"/>
  </requires>
  <extension point="xbmc.python.module" library="lib" />
  <extension point="xbmc.addon.metadata">
    <platform>all</platform>
    <summary lang="en">Resolve common video host URL's to be playable in XBMC/Kodi.</summary>
    <description lang="en">Resolve common video host URL's to be playable in XBMC/Kodi, simplify addon development of video plugins requiring multi video hosts.</description>    
  </extension>
  
  <extension point="xbmc.addon.repository" name="Mi repositorio">
        <info>https://raw.githubusercontent.com/microsystemlepe/msnet/master/Repositorio/addons.xml</info>
        <checksum>https://raw.githubusercontent.com/microsystemlepe/msnet/master/Repositorio/addons.xml.md5</checksum>
        <datadir zip="true">https://github.com/microsystemlepe/msnet/tree/master/Repositorio</datadir>
    </extension>
  
</addon>
