<?xml version="1.0" encoding="UTF-8" standalone="yes"?>
<addon id="plugin.video.UC0LdsMFyFC8No4FG9atGEYA"
	name="Canal MS Network"
	version="1.0.2"
	provider-name="MicroSystem">
  <requires>
    <import addon="xbmc.python" version="2.1.0"/>
    <import addon="plugin.video.youtube" version="3.0.0"/>
  </requires>
  <extension point="xbmc.python.pluginsource" library="default.py">
    <provides>video</provides>
  </extension>
  
  <extension point="xbmc.addon.repository" name="Mi repositorio">
        <info>https://raw.githubusercontent.com/microsystemlepe/msnet/master/Repositorio/addons.xml</info>
        <checksum>https://raw.githubusercontent.com/microsystemlepe/msnet/master/Repositorio/addons.xml.md5</checksum>
        <datadir zip="true">https://github.com/microsystemlepe/msnet/tree/master/Repositorio</datadir>
    </extension>
  
  <extension point="xbmc.addon.metadata">
    <summary lang="en">MicroSystem Network</summary>
    <description lang="en">Los videos de la MCN aparecerán aquí.</description>
    <platform>all</platform>
  </extension>
</addon>
